Region,Total_Revenue,Total_Profit,Orders,Profit_Margin
Central,501239.8908,39706.3625,1175,0.07921628591177565
East,678781.24,91522.78,1401,0.13483398568882074
South,391721.905,46749.4303,822,0.11934341609004478
West,725457.8245,108418.4489,1611,0.14944831420727203
